{
    "application": {
        "id": "",
        "title": "sap.ui.comp.tutorial.smartControls.09",
        "description": "Smart Chart Semantic Object Navigation",
        "type": "SAP_UI5_Component",
        "componentUrl": "/webapp",
        "appUrl": "#sapuicomptutorialsmartControls09-Display",
        "navigationComponentName": "sap.ui.demo.smartControls",
        "intentSemanticObject": "sap.ui.comp.tutorial.smartControls.09",
        "intentAction": "Display",
        "html5ApplicationName": "sapuicomptutorialsmartcont",
        "HCPParentApplicationName": ""
    },
    "assignment": {
        "groups": [
            "00000000-0000-1111-0000-00000000"
        ],
        "contentPackages": [
            "00000000-0000-2222-0000-00000000"
        ],
        "categories": []
    },
    "tile": {
        "type": "StaticTile",
        "title": "Smart Chart",
        "subtitle": "Semantic Navigation",
        "searchKeywords": "Smart Chart,Semantic Navigation",
        "displayIconUrl": "sap-icon://approvals",
        "displayInfoText": "",
        "size": "1x1",
        "serviceURL": "",
        "refreshInterval": ""
    }
}